n,sparsity,mean,min,max,lower,upper
2,0.0,155224.36,150848.76,159599.96,149036.32713648028,161412.3928635197
2,0.5,173582.96000000002,167087.16,180078.76,164396.51154153686,182769.40845846318
2,1.0,146782.56,139885.16,153679.96,137028.1633748878,156536.9566251122
3,0.0,176424.76,165322.36,187527.16,160723.59534510894,192125.92465489107
3,0.5,159524.56,149249.16,169799.96,144992.9499611915,174056.1700388085
3,1.0,174182.96000000002,161287.16,187078.76,155945.54474234904,192420.375257651
4,0.0,184544.15999999997,184128.36,184959.96,183956.13000076523,185132.18999923472
4,0.5,200462.96000000002,175487.16,225438.76,165141.84490888205,235784.075091118
4,1.0,190846.36,189167.56,192525.16,188472.17827148805,193220.54172851192
5,0.0,173584.96000000002,173202.76,173967.16,173044.44757646104,174125.472423539
5,0.5,183864.76,176919.96,190809.56,174043.32965203133,193686.1903479687
5,1.0,179902.96000000002,171127.16,188678.76,167492.1046193262,192313.81538067386
6,0.0,204624.36,197408.76,211839.96,194419.96061934068,214828.7593806593
6,0.5,234439.36,231079.96,237798.76,229688.4509585638,239190.26904143617
6,1.0,195086.16,190765.16,199407.16,188975.34319698586,201196.97680301414
7,0.0,202025.36,195443.56,208607.16,192717.28917517274,211333.43082482723
7,0.5,206204.56,165009.16,247399.96,147945.4666126154,264463.6533873846
7,1.0,194182.96000000002,153407.16,234958.76,136517.27062338716,251848.64937661288
8,0.0,246604.56,230400.36,262808.76,223688.36059259388,269520.7594074061
8,0.5,220418.96,192598.36,248239.56,181074.69016664306,259763.22983335692
8,1.0,223022.56,183805.16,262239.96,167560.78103898937,278484.3389610106
9,0.0,222024.56,210847.16,233201.96,206217.329327931,237831.790672069
9,0.5,221228.36,181447.56,261009.16,164969.81311794836,277486.9068820516
9,1.0,194746.16,191125.16,198367.16,189625.29269064704,199867.02730935297
10,0.0,234321.15999999997,229761.96,238880.36,227873.47752642856,240768.8424735714
10,0.5,219679.16,216159.56,223198.76,214701.69394587164,224656.62605412837
10,1.0,232759.36,230999.96,234518.76,230271.19265836076,235247.52734163922
11,0.0,209347.76,207326.76,211368.76,206489.63439044397,212205.88560955605
11,0.5,201927.76,194488.76,209366.76,191407.42530950657,212448.09469049345
11,1.0,213982.56,200885.16,227079.96,195460.03928817462,232505.08071182537
12,0.0,208067.76,206488.36,209647.16,205834.15109958794,210301.36890041208
12,0.5,211107.96000000002,208089.16,214126.76,206838.73209790813,215377.18790209192
12,1.0,219039.16,164719.56,273358.76,142219.6449773184,295858.6750226816
13,0.0,281001.36,221840.36,340162.36,197335.07143644532,364667.6485635546
13,0.5,212942.76,207367.16,218518.36,205057.6708616326,220827.84913836743
13,1.0,221102.56,196325.16,245879.96,186062.02487965688,256143.09512034312
14,0.0,278821.36,223199.96,334442.76,200160.8217618211,357481.89823817887
14,0.5,234624.56,211289.16,257959.96,201623.32083659887,267625.7991634011
14,1.0,194522.96000000002,183127.16,205918.76,178406.86508590868,210639.05491409136
15,0.0,198467.96000000002,186808.76,210127.16,181979.36123357964,214956.5587664204
15,0.5,226122.96000000002,200687.16,251558.76,190151.30667019045,262094.6133298096
15,1.0,217182.56,190005.16,244359.96,178747.91232996146,255617.20767003854
16,0.0,277704.16000000003,183688.36,371719.96,144745.7405626436,410662.57943735644
16,0.5,193844.96,191559.56,196130.36,190612.91632455253,197077.00367544746
16,1.0,200242.96000000002,185007.16,215478.76,178696.285006396,221789.63499360404
17,0.0,226024.96,176762.36,275287.56,156357.12296223914,295692.79703776084
17,0.5,225844.76,217809.16,233880.36,214480.7054981948,237208.81450180523
17,1.0,225442.96000000002,213407.16,237478.76,208421.76840598992,242464.15159401012
18,0.0,226721.16,219519.56,233922.76,216536.5596092139,236905.7603907861
18,0.5,251539.76,218238.76,284840.76,204445.03415941357,298634.4858405865
18,1.0,206946.16,204285.16,209607.16,203182.9377105252,210709.3822894748
19,0.0,228864.15999999997,209488.36,248239.96,201462.64085817133,256265.67914182862
19,0.5,230364.16,211848.76,248879.56,204179.4302072372,256548.8897927628
19,1.0,191382.96,187605.56,195160.36,186040.90968949188,196725.0103105081
20,0.0,226824.76,221847.16,231802.36,219785.3705719317,233864.1494280683
20,0.5,245947.76,211768.76,280126.76,197611.35465165,294284.16534835
20,1.0,205026.16,182207.16,227845.16,172755.22072020834,237297.09927979167
21,0.0,204087.36,176767.96,231406.76,165451.89400410443,242722.82599589555
21,0.5,299019.95999999996,283640.36,314399.56,277269.9210961267,320769.9989038732
21,1.0,223702.76,211166.76,236238.76,205974.1787820909,241431.34121790912
22,0.0,253941.36,251321.56,256561.16,250236.40330929492,257646.31669070505
22,0.5,207488.56,189127.56,225849.56,181522.1847812676,233454.9352187324
22,1.0,289359.56,287919.16,290799.96,287322.52678475773,291396.59321524226
23,0.0,292124.36,179606.36,404642.36,132999.87838890406,451248.84161109594
23,0.5,262808.16000000003,229968.76,295647.56,216366.23513980504,309250.084860195
23,1.0,206282.16,188324.76,224239.56,180886.5613750414,231677.7586249586
24,0.0,203968.36,196887.56,211049.16,193954.5966075486,213982.12339245138
24,0.5,232184.56,227849.16,236519.96,226053.3785216877,238315.7414783123
24,1.0,192586.16,173965.16,211207.16,166252.0892550506,218920.2307449494
25,0.0,238963.96,235007.96,242919.96,233369.33114725203,244558.58885274795
25,0.5,269723.16,217887.16,321559.16,196415.98578082825,343030.33421917167
25,1.0,212299.56,185960.36,238638.76,175050.30613794256,249548.81386205743
26,0.0,211804.76,187043.16,236566.36,176786.56945394241,246822.9505460576
26,0.5,220124.16,213319.56,226928.76,210501.00239347602,229747.31760652398
26,1.0,216606.36,216205.56,217007.16,216039.54320420083,217173.17679579914
27,0.0,294344.16000000003,207168.36,381519.96,171058.96132927557,417629.3586707245
27,0.5,247358.96000000002,246879.16,247838.76,246680.42033277338,248037.49966722666
27,1.0,289139.76,239718.76,338560.76,219247.91153395927,359031.60846604075
28,0.0,316080.56,300681.56,331479.56,294303.08535301674,337858.03464698326
28,0.5,209647.76,196366.36,222929.16,190865.02399269797,228430.49600730205
28,1.0,228042.56,208845.16,247239.96,200893.33655769876,255191.78344230124
29,0.0,362105.16000000003,318167.96,406042.36,299968.5758673009,424241.74413269915
29,0.5,225109.16,220847.56,229370.76,219082.34748259082,231135.9725174092
29,1.0,269299.76,233719.16,304880.36,218981.1929226279,319618.3270773721
30,0.0,256487.15999999997,214565.96,298408.36,197201.630409045,315772.6895909549
30,0.5,281243.36,234527.56,327959.16,215177.24206289096,347309.477937109
30,1.0,246965.96000000002,216645.16,277286.76,204085.87341799788,289846.04658200213
31,0.0,300180.95999999996,237562.76,362799.16,211625.45230860903,388736.4676913909
31,0.5,239943.36,239126.36,240760.36,238787.94751954117,241098.7724804588
31,1.0,228083.36,173167.16,282999.56,150420.12516600662,305746.59483399335
32,0.0,279064.56,245168.76,312960.36,231128.65993251407,327000.4600674859
32,0.5,260459.36,191480.36,329438.36,162908.32268106626,358010.39731893374
32,1.0,215465.96000000002,214927.16,216004.76,214703.98173259338,216227.93826740666
33,0.0,215387.36,190928.36,239846.36,180797.11047791646,249977.6095220835
33,0.5,262362.95999999996,242884.76,281841.16,234816.62538938434,289909.2946106156
33,1.0,242026.56,211085.56,272967.56,198269.37816661407,285783.74183338595
34,0.0,309861.95999999996,276442.76,343281.16,262600.074116341,357123.8458836589
34,0.5,240740.96,209760.36,271721.56,196927.7753095441,284554.1446904559
34,1.0,240663.16,218006.76,263319.56,208622.1718454502,272704.14815454977
35,0.0,263965.16,243647.16,284283.16,235231.16883970346,292699.1511602965
35,0.5,261883.56,240045.96,283721.16,231000.52991032132,292766.59008967865
35,1.0,210558.96,172958.36,248159.56,157383.6815266342,263734.2384733658
36,0.0,254023.96000000002,202559.96,305487.96,181242.87322603102,326805.046773969
36,0.5,230305.76,216965.96,243645.56,211440.43392065537,249171.08607934465
36,1.0,221043.15999999997,217645.96,224440.36,216238.7936859061,225847.52631409385
37,0.0,326420.95999999996,292361.56,360480.36,278253.6945937098,374588.22540629015
37,0.5,279485.95999999996,245204.76,313767.16,231005.02202557542,327966.89797442453
37,1.0,181646.36,175567.16,187725.56,173049.07291162148,190243.6470883785
38,0.0,228861.36,210242.76,247479.96,202530.6833676003,255192.0366323997
38,0.5,332259.36,312678.36,351840.36,304567.6442351724,359951.07576482755
38,1.0,250362.76,213166.76,287558.76,197759.67233397037,302965.84766602964
39,0.0,302505.56,287161.96,317849.16,280806.4327843722,324204.6872156278
39,0.5,311082.36,245284.36,376880.36,218029.93602297507,404134.7839770249
39,1.0,334298.96,297999.96,370597.96,282964.42189941905,385633.498100581
40,0.0,306745.36,251726.76,361763.96,228937.30969721964,384553.41030278034
40,0.5,264821.76,256324.36,273319.16,252804.62167509086,276838.89832490915
40,1.0,238642.96,224645.56,252640.36,218847.64708203883,258438.27291796115
41,0.0,328441.16,274043.16,382839.16,251510.77063402836,405371.5493659716
41,0.5,230665.16,207765.56,253564.76,198280.23510708107,263050.08489291894
41,1.0,220302.96000000002,218686.76,221919.16,218017.30804049261,222588.61195950743
42,0.0,248747.76,239008.36,258487.16,234974.16843062348,262521.35156937654
42,0.5,313039.56,268639.56,357439.56,250248.47783063457,375830.6421693654
42,1.0,195986.15999999997,191806.36,200165.96,190075.03015199292,201897.28984800703
43,0.0,293202.56,211481.96,374923.16,177632.17915473325,408772.94084526674
43,0.5,337722.56,254323.16,421121.96,219777.99742622126,455667.12257377873
43,1.0,226022.56,217607.16,234437.96,214121.38718720546,237923.73281279454
44,0.0,310564.56,251568.76,369560.36,227131.89951694937,393997.2204830506
44,0.5,309560.16000000003,265040.36,354079.96,246599.6550458623,372520.66495413776
44,1.0,262222.76,240078.36,284367.16,230905.84918938528,293539.67081061477
45,0.0,323166.56,264529.56,381803.56,240241.31934312882,406091.8006568712
45,0.5,242103.36,226045.56,258161.16,219394.2014581253,264812.5185418747
45,1.0,250946.15999999997,216525.16,285367.16,202267.5149695557,299624.8050304443
46,0.0,407862.16000000003,390241.96,425482.36,382943.4341882737,432780.8858117264
46,0.5,430760.95999999996,416798.76,444723.16,411015.4273994343,450506.4926005656
46,1.0,268046.36,252685.16,283407.56,246322.34262567438,289770.3773743256
47,0.0,310320.76,210039.56,410601.96,168501.72690895118,452139.79309104884
47,0.5,270762.36,258524.76,282999.96,253455.78010910295,288068.939890897
47,1.0,269762.76,268167.16,271358.36,267506.24083987746,272019.27916012256
48,0.0,338650.36,338650.36,338650.36,338650.36,338650.36
48,0.5,313723.56,263966.76,363480.36,243356.8186197144,384090.3013802856
48,1.0,242202.96000000002,227044.76,257361.16,220766.02797883618,263639.89202116383
49,0.0,342327.56,342327.56,342327.56,342327.56,342327.56
49,0.5,290265.56,267404.36,313126.76,257934.94090787618,322596.1790921238
49,1.0,278699.56,201359.96,356039.16,169324.84877148978,388074.2712285102
50,0.0,271288.36,271288.36,271288.36,271288.36,271288.36
50,0.5,242607.96,242607.96,242607.96,242607.96,242607.96
50,1.0,407919.96,407919.96,407919.96,407919.96,407919.96
51,0.0,256847.16,256847.16,256847.16,256847.16,256847.16
51,0.5,341567.56,341567.56,341567.56,341567.56,341567.56
51,1.0,354720.76,354720.76,354720.76,354720.76,354720.76
52,0.0,229443.96,229443.96,229443.96,229443.96,229443.96
52,0.5,238422.96,221523.96,255321.96,214524.16500945707,262321.75499054295
52,1.0,263761.76,260122.36,267401.16,258614.87116109935,268908.64883890067
53,0.0,346769.56,346769.56,346769.56,346769.56,346769.56
53,0.5,300341.76,227883.96,372799.56,197870.95654028276,402812.56345971726
53,1.0,240123.36,238445.96,241800.76,237751.15817047536,242495.5618295246
54,0.0,262081.96,262081.96,262081.96,262081.96,262081.96
54,0.5,429300.95999999996,427799.56,430802.36,427177.65975745296,431424.26024254697
54,1.0,256781.16,252961.56,260600.76,251379.4298771597,262182.8901228403
55,0.0,278527.16,278527.16,278527.16,278527.16,278527.16
55,0.5,308543.95999999996,261406.76,355681.16,241881.89246770696,375206.027532293
55,1.0,253041.56,194483.96,311599.16,170228.60789998126,335854.51210001874
56,0.0,373918.76,373918.76,373918.76,373918.76,373918.76
56,0.5,355341.95999999996,281960.76,428723.16,251565.2717367874,459118.6482632125
56,1.0,230303.56,229760.76,230846.36,229535.9248783439,231071.19512165608
57,0.0,436601.96,436601.96,436601.96,436601.96,436601.96
57,0.5,316542.95999999996,269005.56,364080.36,249314.92420004524,383770.9957999547
57,1.0,336381.36,279919.96,392842.76,256532.8823694277,416229.83763057226
58,0.0,299563.16,299563.16,299563.16,299563.16,299563.16
58,0.5,322361.56,244202.76,400520.36,211828.32502119377,432894.7949788062
58,1.0,242001.36,212201.96,271800.76,199858.64436941917,284144.0756305808
59,0.0,308361.56,308361.56,308361.56,308361.56,308361.56
59,0.5,321905.36,308965.16,334845.56,303605.15366017964,340205.56633982033
59,1.0,262183.36,252280.36,272086.36,248178.40309181923,276188.3169081808
60,0.0,336408.76,336408.76,336408.76,336408.76,336408.76
60,0.5,276862.16,260843.16,292881.16,254207.8729443454,299516.44705565454
60,1.0,252041.36,231642.36,272440.36,223192.81754115122,280889.9024588488
61,0.0,284040.76,284040.76,284040.76,284040.76,284040.76
61,0.5,429444.36,394963.56,463925.16,380681.1449985258,478207.5750014742
61,1.0,257086.56,222887.56,291285.56,208721.8703804025,305451.24961959745
62,0.0,339046.36,339046.36,339046.36,339046.36,339046.36
62,0.5,368962.36,358282.36,379642.36,353858.5591538553,384066.16084614466
62,1.0,339981.36,288119.96,391842.76,266638.2647563439,413324.45524365606
63,0.0,420204.36,420204.36,420204.36,420204.36,420204.36
63,0.5,353745.16000000003,300923.96,406566.36,279044.7025791784,428445.6174208217
63,1.0,274383.16,227645.96,321120.36,208286.77789265616,340479.5421073438
64,0.0,438763.56,438763.56,438763.56,438763.56,438763.56
64,0.5,312926.16000000003,286402.36,339449.96,275415.8423143285,350436.4776856716
64,1.0,246827.15999999997,200287.96,293366.36,181010.79217800603,312643.5278219939
65,0.0,450922.36,450922.36,450922.36,450922.36,450922.36
65,0.5,365466.16,333207.16,397725.16,319845.0446914063,411087.27530859364
65,1.0,379021.36,335281.56,422761.16,317163.9416245133,440878.77837548667
66,0.0,320522.36,320522.36,320522.36,320522.36,320522.36
66,0.5,353143.36,341646.36,364640.36,336884.1466733965,369402.57332660345
66,1.0,246206.56,232525.56,259887.56,226858.7042531737,265554.41574682633
67,0.0,452641.16,452641.16,452641.16,452641.16,452641.16
67,0.5,373066.36,330969.56,415163.16,313532.4945074923,432600.2254925077
67,1.0,309000.56,287800.76,330200.36,279019.51532040286,338981.60467959713
68,0.0,314763.16,314763.16,314763.16,314763.16,314763.16
68,0.5,341467.76,335849.56,347085.96,333522.42536387546,349413.09463612456
68,1.0,279762.96,235525.16,324000.76,217201.2632704515,342324.65672954853
69,0.0,363880.76,363880.76,363880.76,363880.76,363880.76
69,0.5,345425.56,289368.36,401482.76,266148.70749133895,424702.41250866104
69,1.0,288602.76,248245.96,328959.56,231529.62610602146,345675.89389397856
70,0.0,475005.16,475005.16,475005.16,475005.16,475005.16
70,0.5,312003.76,278162.76,345844.76,264145.3588357321,359862.1611642679
70,1.0,284521.16000000003,248639.56,320402.76,233776.91464035359,335265.4053596465
71,0.0,384049.56,384049.56,384049.56,384049.56,384049.56
71,0.5,420463.76,398607.96,442319.56,389554.99122348614,451372.5287765139
71,1.0,224166.96,215846.36,232487.56,212399.8546329184,235934.06536708158
72,0.0,396521.56,396521.56,396521.56,396521.56,396521.56
72,0.5,310647.16,254767.16,366527.16,231620.90613459144,389673.4138654085
72,1.0,233500.96,216399.96,250601.96,209316.4938698577,257685.4261301423
73,0.0,491247.16,491247.16,491247.16,491247.16,491247.16
73,0.5,332527.16000000003,252206.76,412847.56,218936.9609847681,446117.35901523195
73,1.0,302223.16000000003,271005.56,333440.76,258074.80669526168,346371.5133047384
74,0.0,443842.76,443842.76,443842.76,443842.76,443842.76
74,0.5,399185.36,300204.36,498166.36,259205.08738274866,539165.6326172512
74,1.0,289300.95999999996,236641.56,341960.36,214829.32233357022,363772.5976664297
75,0.0,411963.16,411963.16,411963.16,411963.16,411963.16
75,0.5,239182.56,238242.36,240122.76,237852.9164086568,240512.2035913432
75,1.0,344323.56,291285.16,397361.96,269315.9353934308,419331.1846065692
76,0.0,501202.76,501202.76,501202.76,501202.76,501202.76
76,0.5,370265.56,359485.96,381045.16,355020.903483043,385510.216516957
76,1.0,247741.16,212240.36,283241.96,197535.4471649052,297946.8728350948
77,0.0,264204.36,264204.36,264204.36,264204.36,264204.36
77,0.5,354663.96,323565.96,385761.96,310684.74663732154,398643.1733626785
77,1.0,238466.16,237525.56,239406.76,237135.95072323186,239796.36927676815
78,0.0,458204.36,458204.36,458204.36,458204.36,458204.36
78,0.5,288186.36,268887.96,307484.76,260894.30098789904,315478.41901210096
78,1.0,217503.56,194320.76,240686.36,184718.12982621702,250288.99017378298
79,0.0,405520.36,405520.36,405520.36,405520.36,405520.36
79,0.5,367729.36,352290.76,383167.96,345895.8824959467,389562.83750405326
79,1.0,342580.56,303321.16,381839.96,287059.3840693697,398101.7359306303
80,0.0,456159.16,456159.16,456159.16,456159.16,456159.16
80,0.5,410141.95999999996,409201.56,411082.36,408812.0335659443,411471.88643405563
80,1.0,272865.96,232325.96,313405.96,215533.74218139471,330198.1778186053
81,0.0,442164.36,442164.36,442164.36,442164.36,442164.36
81,0.5,335563.16,247961.96,423164.36,211676.35487984202,459449.9651201579
81,1.0,271463.56,212485.96,330441.16,188056.63820378456,354870.4817962154
82,0.0,421403.16,421403.16,421403.16,421403.16,421403.16
82,0.5,423765.76,366727.16,480804.36,343100.998301226,504430.521698774
82,1.0,287241.36,237041.96,337440.76,216248.68769700802,358234.03230299195
83,0.0,369967.96,369967.96,369967.96,369967.96,369967.96
83,0.5,309744.16,286725.16,332763.16,277190.3780077337,342297.9419922662
83,1.0,274245.36,256124.36,292366.36,248618.39603623713,299872.32396376284
84,0.0,372687.16,372687.16,372687.16,372687.16,372687.16
84,0.5,461623.16000000003,400320.36,522925.96,374927.9088285547,548318.4111714454
84,1.0,332505.16,243687.96,421322.36,206898.6711879963,458111.64881200367
85,0.0,412601.56,412601.56,412601.56,412601.56,412601.56
85,0.5,307027.16,259043.96,355010.36,239168.6677939393,374885.65220606065
85,1.0,239005.96,237725.96,240285.96,237195.76664016244,240816.15335983754
86,0.0,268484.36,268484.36,268484.36,268484.36,268484.36
86,0.5,344524.96,279965.96,409083.96,253224.7466267554,435825.17337324464
86,1.0,333962.76,288561.16,379364.36,269755.2015265617,398170.3184734383
87,0.0,444719.56,444719.56,444719.56,444719.56,444719.56
87,0.5,337225.56,319283.56,355167.56,311851.74026390194,362599.37973609805
87,1.0,254604.36,238485.96,270722.76,231809.5001162455,277399.2198837545
88,0.0,360168.76,360168.76,360168.76,360168.76,360168.76
88,0.5,343665.96,332243.96,355087.96,327512.8126905745,359819.10730942554
88,1.0,314803.36,246483.16,383123.56,218184.00657595764,411422.71342404233
89,0.0,360888.76,360888.76,360888.76,360888.76,360888.76
89,0.5,367564.76,363642.76,371486.76,362018.2144083727,373111.3055916273
89,1.0,267324.36,242685.16,291963.56,232479.26919397683,302169.45080602315
90,0.0,368007.16,368007.16,368007.16,368007.16,368007.16
90,0.5,417444.16,408803.16,426085.16,405223.9406075341,429664.37939246587
90,1.0,227665.76,211766.36,243565.16,205180.61288640523,250150.9071135948
91,0.0,399481.16,399481.16,399481.16,399481.16,399481.16
91,0.5,365545.76,344682.36,386409.16,336040.45676278515,395051.06323721487
91,1.0,230583.16,197083.56,264082.76,183207.57134592626,277958.74865407374
92,0.0,379528.36,379528.36,379528.36,379528.36,379528.36
92,0.5,431601.96,349001.96,514201.96,314787.91974798235,548416.0002520176
92,1.0,263806.16000000003,214205.56,313406.76,193660.31877815706,333952.001221843
93,0.0,422361.16,422361.16,422361.16,422361.16,422361.16
93,0.5,364849.56,351809.56,377889.56,346408.21514665487,383290.9048533451
93,1.0,326844.56,312486.36,341202.76,306538.9988287346,347150.1211712654
94,0.0,353687.16,353687.16,353687.16,353687.16,353687.16
94,0.5,472785.76,431604.76,513966.76,414547.03128791356,531024.4887120865
94,1.0,299424.56,236207.56,362641.56,210022.22122746005,388826.8987725399
95,0.0,389006.76,389006.76,389006.76,389006.76,389006.76
95,0.5,444865.95999999996,441770.36,447961.56,440488.1204963178,449243.7995036821
95,1.0,269407.16000000003,221966.76,316847.56,202316.30291559544,336498.0170844046
96,0.0,390524.36,390524.36,390524.36,390524.36,390524.36
96,0.5,373788.56,373130.76,374446.36,372858.290318671,374718.829681329
96,1.0,234325.16,203607.56,265042.76,190883.91347644822,277766.4065235518
97,0.0,295969.96,295969.96,295969.96,295969.96,295969.96
97,0.5,408386.16,375007.16,441765.16,361181.1255015484,455591.19449845154
97,1.0,264623.56,196806.36,332440.76,168715.55599783134,360531.56400216866
98,0.0,386291.56,386291.56,386291.56,386291.56,386291.56
98,0.5,465606.96,385850.76,545363.16,352814.66027665895,578399.2597233411
98,1.0,226485.36,212962.36,240008.36,207360.94999602862,245609.77000397135
99,0.0,523766.36,523766.36,523766.36,523766.36,523766.36
99,0.5,451549.16,363408.36,539689.96,326899.2452415855,576199.0747584144
99,1.0,281064.36,239405.96,322722.76,222150.48573323662,339978.2342667633
100,0.0,471121.56,471121.56,471121.56,471121.56,471121.56
100,0.5,326347.56,265207.16,387487.96,239881.97711108398,412813.142888916
100,1.0,291102.16000000003,242845.56,339358.76,222857.0218059865,359347.29819401354
101,0.0,302689.56,302689.56,302689.56,302689.56,302689.56
101,0.5,502683.76,491411.16,513956.36,486741.896196793,518625.623803207
101,1.0,236664.36,215926.76,257401.96,207336.9648289317,265991.7551710683
102,0.0,342369.16,342369.16,342369.16,342369.16,342369.16
102,0.5,455081.36,405121.16,505041.56,384426.96758112765,525735.7524188723
102,1.0,282086.76,246727.16,317446.36,232080.73411991235,332092.7858800877
103,0.0,489681.56,489681.56,489681.56,489681.56,489681.56
103,0.5,416911.95999999996,390492.36,443331.56,379549.00336752774,454274.9166324722
103,1.0,329900.76,305723.16,354078.36,295708.47017436824,364093.0498256318
104,0.0,368128.36,368128.36,368128.36,368128.36,368128.36
104,0.5,366829.16000000003,358049.96,375608.36,354413.49629321415,379244.8237067859
104,1.0,294762.36,282237.96,307286.76,277050.1836594144,312474.53634058556
105,0.0,395809.96,395809.96,395809.96,395809.96,395809.96
105,0.5,477963.95999999996,443401.16,512526.76,429084.77948641113,526843.1405135888
105,1.0,272866.76,247205.96,298527.56,236576.90861865648,309156.61138134357
106,0.0,388170.36,388170.36,388170.36,388170.36,388170.36
106,0.5,395406.66000000003,279485.96,452960.36,313835.5059453957,476977.8140546044
106,1.0,290384.95999999996,212047.56,368722.36,179599.14647895386,401170.77352104604
107,0.0,399930.76,399930.76,399930.76,399930.76,399930.76
107,0.5,423094.36,355325.96,501883.16,351047.1453525667,495141.5746474333
107,1.0,248107.15999999997,246848.36,249365.96,246326.9479676847,249887.37203231524
108,0.0,402249.56,402249.56,402249.56,402249.56,402249.56
108,0.5,385275.86,363648.36,433597.96,352518.73596608435,418032.9840339156
108,1.0,349440.56,270200.36,428680.76,237377.99447484344,461503.12552515656
109,0.0,385128.76,385128.76,385128.76,385128.76,385128.76
109,0.5,422076.45999999996,378809.56,479879.16,372263.2936233615,471889.6263766384
109,1.0,267361.16000000003,243962.36,290759.96,234270.2596967444,300452.0603032557
110,0.0,377929.96,377929.96,377929.96,377929.96,377929.96
110,0.5,461585.06,380844.36,537684.36,374697.45605873957,548472.6639412604
110,1.0,264366.96,241647.96,287085.96,232237.44207644567,296496.47792355437
111,0.0,393971.16,393971.16,393971.16,393971.16,393971.16
111,0.5,417936.8933333333,383925.56,460323.16,379055.6259582421,456818.1607084245
111,1.0,397022.36,374161.96,419882.76,364692.8722787261,429351.8477212739
112,0.0,410291.16,410291.16,410291.16,410291.16,410291.16
112,0.5,437951.56,358085.56,543884.36,342348.6988135271,533554.4211864729
112,1.0,314101.56,308321.16,319881.96,305926.8399240585,322276.28007594147
113,0.0,383565.96,383565.96,383565.96,383565.96,383565.96
113,0.5,441898.76,368282.36,545127.96,349832.0450443767,533965.4749556233
113,1.0,239086.96000000002,237286.76,240887.16,236541.09274501598,241632.82725498406
114,0.0,384011.56,384011.56,384011.56,384011.56,384011.56
114,0.5,512792.36000000004,464724.36,546245.16,470111.998457014,555472.7215429861
114,1.0,257784.16,224966.36,290601.96,211372.78215275222,304195.5378472478
115,0.0,388490.76,388490.76,388490.76,388490.76,388490.76
115,0.5,442659.0266666667,383329.56,534883.56,361703.99107743765,523614.0622558957
115,1.0,318124.56,280807.16,355441.96,265349.78680749825,370899.33319250174
116,0.0,390409.16,390409.16,390409.16,390409.16,390409.16
116,0.5,497498.49333333335,460086.36,547451.96,452485.70851420297,542511.2781524637
116,1.0,234686.56,231286.36,238086.76,229877.95104521897,239495.16895478102
117,0.0,403931.16,403931.16,403931.16,403931.16,403931.16
117,0.5,438727.56,366449.16,535849.96,351337.1943287202,526117.9256712798
117,1.0,267343.76,221321.96,313365.56,202259.10627517788,332428.4137248221
118,0.0,478441.96,478441.96,478441.96,478441.96,478441.96
118,0.5,460274.8933333333,408249.56,509125.56,409762.01650639606,510787.77016027056
118,1.0,330866.36,227047.16,434685.56,184043.83932527518,477688.8806747248
119,0.0,393048.76,393048.76,393048.76,393048.76,393048.76
119,0.5,406540.36000000004,367846.76,472609.96,349043.26398150536,464037.45601849473
119,1.0,272225.76,247244.36,297207.16,236896.7253129328,307554.7946870672
120,0.0,531687.56,531687.56,531687.56,531687.56,531687.56
120,0.5,465272.76,408451.56,518521.96,410150.68976456707,520394.83023543295
120,1.0,265023.56,243364.76,286682.36,234393.3912952736,295653.7287047264
121,0.0,475729.16,475729.16,475729.16,475729.16,475729.16
121,0.5,409046.2266666666,405729.96,413202.36,405239.8868955304,412852.56643780286
121,1.0,320124.36,227244.76,413003.96,188772.77001221187,451475.9499877881
122,0.0,383246.76,383246.76,383246.76,383246.76,383246.76
122,0.5,433913.4266666667,402967.16,483485.96,390542.66870910575,477284.18462422764
122,1.0,291704.76,265686.76,317722.76,254909.75153417682,328499.7684658232
123,0.0,421245.56,421245.56,421245.56,421245.56,421245.56
123,0.5,476646.36000000004,400650.76,549407.16,402215.42165095056,551077.2983490495
123,1.0,228743.16,214521.56,242964.76,208630.78040135477,248855.53959864523
124,0.0,483008.36,483008.36,483008.36,483008.36,483008.36
124,0.5,449699.95999999996,392332.36,552601.56,360388.35390000866,539011.5660999913
124,1.0,273245.16,246805.16,299685.16,235853.35341085537,310636.96658914455
125,0.0,395567.16,395567.16,395567.16,395567.16,395567.16
125,0.5,431939.69333333336,386527.56,489925.16,379106.6311963217,484772.75547034503
125,1.0,312303.76,279482.36,345125.16,265887.29098392767,358720.22901607235
126,0.0,395083.16,395083.16,395083.16,395083.16,395083.16
126,0.5,450899.16,395361.96,479885.56,402787.1191503332,499011.2008496667
126,1.0,317406.56,317006.36,317806.76,316840.59173233825,317972.52826766175
127,0.0,493567.56,493567.56,493567.56,493567.56,493567.56
127,0.5,398275.0266666667,383046.76,415927.16,381701.35708949296,414848.6962438404
127,1.0,326243.16000000003,307284.76,345201.56,299431.933599106,353054.3864008941
128,0.0,410529.96,410529.96,410529.96,410529.96,410529.96
128,0.5,528327.2933333333,499007.56,546647.56,502673.1786494598,553981.4080172068
128,1.0,276163.16000000003,217445.56,334880.76,193123.93373000162,359202.38626999845
129,0.0,510005.56,510005.56,510005.56,510005.56,510005.56
129,0.5,402381.2933333333,386002.36,413934.36,387803.36831591965,416959.2183507469
129,1.0,238404.56,224762.76,252046.36,219112.14142481872,257696.97857518127
130,0.0,400566.36,400566.36,400566.36,400566.36,400566.36
130,0.5,480698.76,418691.16,520042.36,426354.8633108593,535042.6566891407
130,1.0,348064.36,311806.76,384321.96,296788.37034090125,399340.3496590987
131,0.0,416406.36,416406.36,416406.36,416406.36,416406.36
131,0.5,411806.36000000004,397369.96,421204.76,399115.39842256234,424497.32157743775
131,1.0,321606.16000000003,299969.96,343242.36,291007.9525217833,352204.36747821677
132,0.0,396844.36,396844.36,396844.36,396844.36,396844.36
132,0.5,460700.62666666665,403446.36,493929.56,410903.8913128973,510497.362020436
132,1.0,301205.36,258165.96,344244.76,240338.4568035994,362072.2631964006
133,0.0,403772.36,403772.36,403772.36,403772.36,403772.36
133,0.5,446405.82666666666,389924.76,556888.36,350717.1139945164,542094.5393388169
133,1.0,310845.76,274289.56,347401.96,259147.48617117666,362544.03382882336
134,0.0,499372.36,499372.36,499372.36,499372.36,499372.36
134,0.5,475393.0266666667,394968.76,541323.96,401146.78989271744,549639.2634406158
134,1.0,349222.16000000003,295042.36,403401.96,272600.35203333816,425843.9679666619
135,0.0,420931.16,420931.16,420931.16,420931.16,420931.16
135,0.5,461286.22666666674,401931.16,557763.56,376998.1418960817,545574.3114372519
135,1.0,213665.36,199844.76,227485.96,194120.08003986639,233210.6399601336
136,0.0,500281.16,500281.16,500281.16,500281.16,500281.16
136,0.5,456966.16000000003,415486.36,498445.96,398304.86427547655,515627.4557245235
136,1.0,327003.56,304646.76,349360.36,295386.2702287372,358620.8497712628
137,0.0,399085.96,399085.96,399085.96,399085.96,399085.96
137,0.5,486226.56000000006,418889.96,553563.16,390998.2270359079,581454.8929640922
137,1.0,324503.76,315725.16,333282.36,312088.94482135156,336918.57517864846
138,0.0,423209.96,423209.96,423209.96,423209.96,423209.96
138,0.5,465088.16000000003,427569.56,502606.76,412028.84703874885,518147.4729612512
138,1.0,347181.95999999996,295240.36,399123.56,273725.4448286416,420638.4751713583
139,0.0,409647.16,409647.16,409647.16,409647.16,409647.16
139,0.5,448307.76,394524.36,502091.16,372246.5462894629,524368.9737105372
139,1.0,241566.36,231084.76,252047.96,226743.13912463016,256389.5808753698
140,0.0,501161.96,501161.96,501161.96,501161.96,501161.96
140,0.5,459327.76,422051.16,496604.36,406610.6867208431,512044.83327915694
140,1.0,307000.76,238759.96,375241.56,210493.6951328101,403507.8248671899
141,0.0,424807.96,424807.96,424807.96,424807.96,424807.96
141,0.5,419225.56,418007.96,420443.16,417503.61356645456,420947.50643354544
141,1.0,370161.36,350921.96,389400.76,342952.73958807904,397369.98041192093
142,0.0,401643.96,401643.96,401643.96,401643.96,401643.96
142,0.5,521762.76,503481.16,540044.36,495908.67333812005,547616.8466618799
142,1.0,265264.76,253165.56,277363.96,248153.90726613544,282375.6127338646
143,0.0,429847.56,429847.56,429847.56,429847.56,429847.56
143,0.5,465548.56,419447.56,511649.56,400351.90056103794,530745.219438962
143,1.0,277884.76,239124.36,316645.16,223069.27663699392,332700.2433630061
144,0.0,426405.56,426405.56,426405.56,426405.56,426405.56
144,0.5,415325.96,415325.96,415325.96,415325.96,415325.96
144,1.0,211843.16,211843.16,211843.16,211843.16,211843.16
145,0.0,426847.96,426847.96,426847.96,426847.96,426847.96
145,0.5,525244.56,512687.56,537801.56,507486.28029728105,543002.8397027191
145,1.0,279723.95999999996,233722.36,325725.56,214667.8733891378,344780.04661086213
146,0.0,554043.96,554043.96,554043.96,554043.96,554043.96
146,0.5,421707.36,417683.16,425731.56,416016.2817822982,427398.4382177018
146,1.0,300123.76,242685.96,357561.56,218894.44424712664,381353.0757528734
147,0.0,522163.56,522163.56,522163.56,522163.56,522163.56
147,0.5,413726.16,409481.16,417971.16,407722.82342772617,419729.4965722738
147,1.0,306902.36,240881.96,372922.76,213535.41492670332,400269.30507329665
148,0.0,427047.96,427047.96,427047.96,427047.96,427047.96
148,0.5,556644.16,555962.76,557325.56,555680.514878599,557607.8051214011
148,1.0,268745.95999999996,213606.76,323885.16,190767.3555415974,346724.5644584025
149,0.0,411053.16,411053.16,411053.16,411053.16,411053.16
149,0.5,472250.56,424094.36,520406.76,404147.40884764877,540353.7111523512
149,1.0,255784.56,255243.56,256325.56,255019.47046275614,256549.64953724385
150,0.0,414010.36,414010.36,414010.36,414010.36,414010.36
150,0.5,555205.16,553045.56,557364.76,552151.0243906991,558259.295609301
150,1.0,267904.36,251126.76,284681.96,244177.2505359291,291631.46946407086
151,0.0,526249.56,526249.56,526249.56,526249.56,526249.56
151,0.5,425870.36,420769.96,430970.76,418657.30514647224,433083.41485352773
151,1.0,282785.16,243367.96,322202.36,227040.82116922722,338529.4988307727
152,0.0,425090.76,425090.76,425090.76,425090.76,425090.76
152,0.5,522606.76,521721.96,523491.56,521355.4638400123,523858.0561599877
152,1.0,294283.76,286721.56,301845.96,283589.1941986222,304978.3258013778
153,0.0,537281.56,537281.56,537281.56,537281.56,537281.56
153,0.5,428226.76,426167.96,430285.56,425315.1771177863,431138.3428822137
153,1.0,277964.16000000003,257006.36,298921.96,248325.35500249715,307602.9649975029
154,0.0,422810.76,422810.76,422810.76,422810.76,422810.76
154,0.5,423328.16000000003,418248.76,428407.56,416144.8036312821,430511.51636871794
154,1.0,326724.76,238205.56,415243.96,201539.7068295835,451909.8131704165
155,0.0,431610.76,431610.76,431610.76,431610.76,431610.76
155,0.5,552509.56,547729.56,557289.56,545749.6191718567,559269.5008281434
155,1.0,250684.76,225727.16,275642.36,215389.38359571729,285980.13640428276
156,0.0,555920.36,555920.36,555920.36,555920.36,555920.36
156,0.5,425625.76,424645.16,426606.36,424238.98218073696,427012.53781926306
156,1.0,305220.56,260402.76,350038.36,241838.61940427512,368602.5005957249
157,0.0,426207.96,426207.96,426207.96,426207.96,426207.96
157,0.5,552247.36,544489.96,560004.76,541276.7397112469,563217.980288753
157,1.0,245825.96000000002,230365.16,261286.76,223961.08695486205,267690.833045138
158,0.0,434126.36,434126.36,434126.36,434126.36,434126.36
158,0.5,478871.76,420055.96,537687.56,395693.6579581765,562049.8620418234
158,1.0,277585.95999999996,259288.76,295883.16,251709.81160654698,303462.10839345295
159,0.0,542249.16,542249.16,542249.16,542249.16,542249.16
159,0.5,433228.76,430487.56,435969.96,429352.11778282287,437105.40221717715
159,1.0,326081.16000000003,278280.36,373881.96,258480.6203477162,393681.69965228386
160,0.0,430528.36,430528.36,430528.36,430528.36,430528.36
160,0.5,553405.76,545887.96,560923.56,542773.9852807915,564037.5347192085
160,1.0,229385.76,228126.36,230645.16,227604.69943954734,231166.82056045267
161,0.0,426012.76,426012.76,426012.76,426012.76,426012.76
161,0.5,485982.95999999996,429807.56,542158.36,406538.94744826644,565426.9725517335
161,1.0,300005.16000000003,283481.96,316528.36,276637.8264661969,323372.49353380315
162,0.0,561803.96,561803.96,561803.96,561803.96,561803.96
162,0.5,491524.76,431203.96,551845.56,406218.266546805,576831.2534531951
162,1.0,315941.16,289961.16,341921.16,279199.891649547,352682.428350453
163,0.0,431647.96,431647.96,431647.96,431647.96,431647.96
163,0.5,489786.76,427808.76,551764.76,402136.6318312403,577436.8881687596
163,1.0,284666.95999999996,242648.36,326685.56,225243.6860080698,344090.23399193014
164,0.5,547648.16,538527.56,556768.76,534749.68378302,560546.63621698
164,1.0,272323.95999999996,258844.76,285803.16,253261.49255006053,291386.42744993937
165,0.5,493543.95999999996,435483.56,551604.36,411434.15488319314,575653.7651168068
165,1.0,258466.56,227245.56,289687.56,214313.3983691496,302619.7216308504
166,0.5,536920.76,536920.76,536920.76,536920.76,536920.76
166,1.0,335003.76,333125.56,336881.96,332347.58408715087,337659.93591284915
167,0.5,558731.16,558731.16,558731.16,558731.16,558731.16
167,1.0,295684.95999999996,247486.76,343883.16,227522.41187802906,363847.50812197087
168,0.5,551323.56,551323.56,551323.56,551323.56,551323.56
168,1.0,287947.76,264287.16,311608.36,254486.61858611516,321408.9014138848
169,1.0,276287.16,226927.16,325647.16,206481.57856126403,346092.7414387359
170,1.0,279765.36,259487.16,300043.56,251087.65453948587,308443.0654605141
171,1.0,263081.96,257401.16,268762.76,255048.09559487092,271115.8244051291
172,1.0,245727.36,244567.56,246887.16,244087.15511035966,247367.5648896403
173,1.0,297806.76,263445.56,332167.96,249212.6849405856,346400.83505941444
174,1.0,323663.16,290523.16,356803.16,276796.1225429556,370530.1974570443
175,1.0,293446.95999999996,256566.76,330327.16,241290.48097696778,345603.43902303214
176,1.0,270503.36,214601.16,326405.56,191445.71059350675,349561.0094064932
177,1.0,252986.56,242606.76,263366.36,238307.30606527976,267665.81393472024
178,1.0,308801.76,261002.36,356601.16,241203.20024670352,376400.3197532965
179,1.0,241987.16,221886.76,262087.56,213560.90171087586,270413.41828912415
180,1.0,283802.16000000003,282402.36,285201.96,281822.54385539016,285781.7761446099
181,1.0,316126.56,311965.96,320287.16,310242.58305239055,322010.53694760945
182,1.0,250902.56,209483.56,292321.56,192327.24846006877,309477.8715399312
183,1.0,320344.36,261725.96,378962.76,237445.42371538893,403243.29628461105
184,1.0,298603.95999999996,236404.76,360803.16,210641.00779124338,386566.91220875655
185,1.0,310543.16000000003,293881.96,327204.36,286980.6649945894,334105.65500541066
186,1.0,314302.95999999996,261842.36,366763.56,240112.46798977,388493.4520102299
187,1.0,295267.16000000003,267447.96,323086.36,255924.87006563047,334609.4499343696
188,1.0,369461.95999999996,359561.16,379362.76,355460.1143616564,383463.8056383435
189,1.0,303307.56,278047.16,328567.96,267583.9597290306,339031.1602709694
190,1.0,298202.95999999996,204443.56,391962.36,165607.14492003596,430798.77507996396
191,1.0,312305.16,251767.16,372843.16,226691.49936105756,397918.8206389424
192,1.0,342284.16000000003,313285.96,371282.36,301274.51227559254,383293.8077244075
193,1.0,242887.16,219206.76,266567.56,209398.01715758018,276376.3028424198
194,1.0,390082.16000000003,381041.56,399122.76,377296.8208680098,402867.49913199025
195,1.0,249506.76,225247.16,273766.36,215198.5046622537,283815.0153377463
196,1.0,332383.16000000003,302203.96,362562.36,289703.32605842996,375062.9939415701
197,1.0,293206.56,266567.56,319845.56,255533.3249119431,330879.7950880569
198,1.0,277245.36,268128.36,286362.36,264351.9749518445,290138.7450481555
199,1.0,387744.76,327325.96,448163.56,302299.6736176925,473189.8463823075
200,1.0,348763.56,333764.76,363762.36,327552.05362067843,369975.06637932156
201,1.0,227505.56,221804.76,233206.36,219443.41132362347,235567.70867637653
202,1.0,278804.16000000003,264085.56,293522.76,257988.91626085542,299619.4037391447
203,1.0,277404.56,258325.56,296483.56,250422.7794434837,304386.34055651625
204,1.0,287767.76,265446.36,310089.16,256200.5333888452,319334.9866111548
205,1.0,347502.36,298882.76,396121.96,278743.862282845,416260.85771715496
206,1.0,390884.56,342086.36,439682.76,321873.4837406052,459895.6362593948
207,1.0,263564.16,260201.96,266926.36,258809.29116058914,268319.0288394108
208,1.0,353584.95999999996,343367.16,363802.76,339134.8086623841,368035.1113376158
209,1.0,269743.56,245845.96,293641.16,235947.24997183273,303539.87002816726
210,1.0,392323.16000000003,341965.96,442680.36,321107.32479686564,463538.99520313443
211,1.0,323164.16000000003,267445.96,378882.36,244366.72588898346,401961.5941110166
212,1.0,349723.16,335723.16,363723.16,329924.1701267766,369522.14987322333
213,1.0,260685.36,221767.96,299602.76,205647.84510770126,315722.8748922987
214,1.0,252426.16,226086.76,278765.56,215176.62329523012,289675.6967047699
215,1.0,310863.36,261325.56,360401.16,240806.3313898741,380920.38861012587
216,1.0,360782.56,342281.16,379283.96,334617.62919711036,386947.49080288963
217,1.0,295406.95999999996,267606.36,323207.56,256090.97443789052,334722.9455621094
218,1.0,357064.36,264526.76,449601.96,226196.43105054344,487932.28894945653
219,1.0,318105.76,235206.36,401005.16,200868.30420740784,435343.21579259215
220,1.0,356625.36,344367.16,368883.56,339289.6473097181,373961.0726902819
221,1.0,272665.95999999996,258888.36,286443.56,253181.49122304842,292150.4287769515
222,1.0,269806.36,269524.76,270087.96,269408.1174608357,270204.60253916425
223,1.0,425522.95999999996,386763.16,464282.76,370708.32516513125,480337.5948348687
224,1.0,357724.16000000003,348525.56,366922.76,344715.3751251549,370732.94487484515
225,1.0,275125.76,225806.76,324444.76,205378.16131732136,344873.35868267866
226,1.0,349761.95999999996,333801.16,365722.76,327189.98017367546,372333.93982632447
227,1.0,294706.36,269525.96,319886.76,259095.8968140205,330316.8231859795
228,1.0,357822.36,334201.16,381443.56,324416.93860047264,391227.78139952733
229,1.0,269826.76,267445.96,272207.56,266459.80035070213,273193.7196492979
230,1.0,388101.56,374240.36,401962.76,368498.86296923406,407704.25703076593
231,1.0,259728.16,256046.36,263409.96,254521.30850605472,264935.01149394526
232,1.0,342165.16,311087.16,373243.16,298214.23090856895,386116.089091431
233,1.0,317144.76,252247.96,382041.56,225366.8252853857,408922.6947146143
234,1.0,340067.56,335648.36,344486.76,333817.8674251608,346317.2525748392
235,1.0,384341.76,376081.16,392602.36,372659.50744666083,396024.0125533392
236,1.0,321826.56,314605.96,329047.16,311615.08955152886,332038.03044847114
237,1.0,299682.36,287002.76,312361.96,281750.69771453406,317614.0222854659
238,1.0,249163.56,226082.36,272244.76,216521.8139241541,281805.3060758459
239,1.0,345344.36,260687.56,430001.16,225621.56529289339,465067.1547071066
240,1.0,248466.15999999997,246166.36,250765.96,245213.75164925435,251718.5683507456
241,1.0,431222.76,413920.76,448524.76,406754.0369438207,455691.4830561793
242,1.0,294386.16,254485.96,334286.36,237958.756018601,350813.56398139894
243,1.0,371423.76,363243.96,379603.56,359855.7759025006,382991.7440974994
244,1.0,312325.76,276965.16,347686.36,262318.31990634993,362333.2000936501
245,1.0,392680.95999999996,372320.36,413041.56,363886.7233419463,421475.1966580536
246,1.0,284406.16000000003,268686.36,300125.96,262175.0056422074,306637.31435779267
247,1.0,408441.36,376241.56,440641.16,362903.9661342988,453978.75386570115
248,1.0,253246.16,230644.36,275847.96,221282.38790595575,285209.9320940442
249,1.0,339282.56,307482.76,371082.36,294310.85155924805,384254.26844075194
250,1.0,311765.56,274966.36,348564.76,259723.63227551998,363807.48772448
251,1.0,352383.16000000003,311842.76,392923.56,295050.37649596983,409715.94350403023
252,1.0,276766.96,220927.96,332605.96,197798.68889064877,355735.23110935127
253,1.0,319023.56,250803.96,387243.16,222546.47646033243,415500.6435396676
254,1.0,273867.96,257247.16,290488.76,250362.59922250928,297373.3207774908
255,1.0,299083.36,229725.96,368440.76,200997.18426906428,397169.5357309357
256,1.0,246704.36,218842.36,274566.36,207301.54172516082,286107.1782748392
257,1.0,322385.36,272847.56,371923.16,252328.3313898741,392442.38861012587
258,1.0,270466.16000000003,268766.76,272165.56,268062.8454721032,272869.47452789685
259,1.0,294365.36,248042.76,340687.96,228855.31083561608,359875.4091643839
260,1.0,355263.36,339085.96,371440.76,332385.0615160655,378141.6584839345
261,1.0,368583.96,278325.96,458841.96,240939.87228732923,496228.0477126708
262,1.0,242666.36,234645.56,250687.16,231323.23585891785,254009.48414108212
263,1.0,294821.56,272482.36,317160.76,263229.16038743494,326413.95961256506
264,1.0,263446.16000000003,248406.36,278485.96,242176.67086462112,284715.64913537895
265,1.0,355744.36,351366.76,360121.96,349553.4987093555,361935.2212906445
266,1.0,303967.16000000003,279007.56,328926.76,268668.9551685925,339265.36483140755
267,1.0,248445.36,212287.96,284602.76,197311.07453985102,299579.6454601489
268,1.0,326686.16000000003,323606.36,329765.96,322330.66507060337,331041.6549293967
269,1.0,407664.95999999996,344167.56,471162.36,317866.0757445706,497463.84425542934
270,1.0,314283.36,290643.16,337923.56,280851.0685427875,347715.65145721246
271,1.0,341746.16000000003,328366.76,355125.56,322824.8310635855,360667.4889364146
272,1.0,283564.96,254487.16,312642.76,242442.74087602764,324687.1791239724
273,1.0,361666.16,357605.16,365727.16,355923.03872320283,367409.2812767971
274,1.0,430901.36,427641.56,434161.16,426291.3066293762,435511.4133706238
275,1.0,310285.16000000003,283125.56,337444.76,271875.6853313717,348694.6346686284
276,1.0,340784.56,262048.76,419520.36,229435.32379570446,452133.79620429553
277,1.0,402645.56,352327.96,452963.16,331485.72765393555,473805.39234606444
278,1.0,292404.96,264841.96,319967.96,253424.9915803104,331384.92841968965
279,1.0,257666.36000000002,240364.76,274967.96,233198.20262924567,282134.5173707544
280,1.0,321403.76,275966.36,366841.16,257145.57268102877,385661.9473189713
281,1.0,319363.36,283085.16,355641.56,268058.23754151637,370668.4824584836
282,1.0,368684.36,353166.76,384201.96,346739.15962451923,390629.56037548074
283,1.0,303106.36,277005.96,329206.76,266194.82033663726,340017.8996633627
284,1.0,284204.16000000003,241402.76,327005.56,223673.83963144422,344734.4803685558
285,1.0,331566.76,325366.36,337767.16,322798.07022786187,340335.44977213815
286,1.0,324761.95999999996,324520.76,325003.16,324420.85168875556,325103.06831124437
287,1.0,349547.95999999996,340768.36,358327.56,337131.7306077891,361964.1893922108
288,1.0,332364.16000000003,315401.56,349326.76,308375.42102689017,356352.8989731099
289,1.0,388985.56,344008.36,433962.76,325378.1937624328,452592.9262375672
290,1.0,333284.36,279046.76,387521.96,256580.81048943297,409987.90951056697
291,1.0,307526.95999999996,259566.76,355487.16,239700.99470587386,375352.92529412603
292,1.0,428241.56,416161.56,440321.56,411157.86016653304,445325.25983346696
293,1.0,320726.16000000003,280365.96,361086.36,263648.2177799095,377804.1022200906
294,1.0,307183.56,298085.96,316281.16,294317.6106949546,320049.5093050454
295,1.0,323084.16000000003,278766.36,367401.96,260409.3261854617,385758.9938145384
296,1.0,343462.76,308362.36,378563.16,293823.2982752794,393102.2217247206
297,1.0,312387.16000000003,267528.36,357245.96,248947.23664821777,375827.0833517823
298,1.0,363301.76,269363.16,457240.36,230452.5178496588,496151.0021503412
299,1.0,274905.56,219405.96,330405.16,196417.27297371818,353393.8470262818
300,1.0,365662.56,361121.56,370203.56,359240.61621326377,372084.5037867362
301,1.0,274445.16000000003,272565.56,276324.76,271787.00418816356,277103.3158118365
302,1.0,395581.56,348840.76,442322.36,329480.08672383166,461683.03327616834
303,1.0,315324.96,307803.96,322845.96,304688.65979739197,325961.2602026081
304,1.0,295405.96,233247.16,357564.76,207500.1420191633,383311.77798083675
305,1.0,383963.36,366885.56,401041.16,359811.70362450473,408115.01637549524
306,1.0,358204.56,246926.36,469482.76,200833.42036353424,515575.69963646575
307,1.0,343864.76,314046.76,373682.76,301695.73999715905,386033.78000284097
308,1.0,389824.76,367885.56,411763.96,358798.04581238417,420851.47418761585
309,1.0,267081.96,247641.16,286522.76,239588.51697661713,294575.4030233829
310,1.0,343703.76,324842.36,362565.16,317029.7123146561,370377.8076853439
311,1.0,335723.36,265685.16,405761.56,236674.38767580065,434772.3323241993
312,1.0,317585.56,247605.96,387565.16,218619.46059055574,416551.65940944426
313,1.0,325163.16,279683.16,370643.16,260844.7271832716,389481.59281672834
314,1.0,308825.76,255247.96,362403.56,233055.3085978868,384596.2114021132
315,1.0,304123.36,218763.16,389483.56,183405.8074731201,424840.91252687987
316,1.0,321705.95999999996,283247.56,360164.36,267317.5691328305,376094.35086716944
317,1.0,364661.56,317121.56,412201.56,297429.8472447831,431893.2727552169
318,1.0,347986.16000000003,345124.36,350847.96,343938.9636272007,352033.3563727994
319,1.0,317343.95999999996,219764.36,414923.56,179345.5662690583,455342.35373094166
320,1.0,308064.95999999996,253485.56,362644.36,230878.03229381383,385251.8877061861
321,1.0,375343.76,355246.36,395441.16,346921.744351563,403765.77564843703
322,1.0,264025.16,257885.96,270164.36,255343.02009787908,272707.29990212084
323,1.0,267284.36,242166.36,292402.36,231762.14374031257,302806.57625968737
324,1.0,333862.16,239081.16,428643.16,199821.5843447157,467902.73565528425
325,1.0,347166.56,334646.76,359686.36,329460.88904180133,364872.23095819866
326,1.0,328284.36,249045.56,407523.16,216223.7743738308,440344.9456261692
327,1.0,404445.95999999996,346567.56,462324.36,322593.54175154504,486298.3782484549
328,1.0,282344.16000000003,246647.56,318040.76,231861.54414939263,332826.77585060743
329,1.0,335285.56,318404.36,352166.76,311411.9380108673,359159.1819891327
330,1.0,302305.36,287885.96,316724.76,281913.2489587174,322697.4710412826
331,1.0,292004.16000000003,279325.96,304682.36,274074.47761352145,309933.8423864786
332,1.0,261463.36,239045.96,283880.76,229760.36888685735,293166.3511131426
333,1.0,343504.16000000003,264444.76,422563.56,231697.28428692056,455311.0357130795
334,1.0,323823.76,314881.16,332766.36,311177.01379712234,336470.5062028777
335,1.0,349284.56,339523.16,359045.96,335479.85573225125,363089.26426774875
336,1.0,361443.56,248086.76,474800.36,201132.83605278554,521754.2839472145
337,1.0,299963.76,281444.36,318483.16,273773.3733529877,326154.1466470123
338,1.0,339203.36,306165.16,372241.56,292480.2894836052,385926.4305163948
339,1.0,410963.36,382365.96,439560.76,370520.5290713917,451406.1909286083
340,1.0,308404.16000000003,297005.96,319802.36,292284.6709733591,324523.649026641
341,1.0,337744.36,318042.76,357445.96,309882.09007955017,365606.6299204498
342,1.0,331043.76,315800.76,346286.76,309486.90266874694,352600.6173312531
343,1.0,397104.95999999996,364128.36,430081.56,350469.0050390474,443740.91496095253
344,1.0,300223.56,240922.76,359524.36,216359.56438042558,384087.5556195744
345,1.0,376783.95999999996,326045.56,427522.36,305029.02658688894,448538.893413111
346,1.0,306003.36,291925.56,320081.16,286094.34431162407,325912.3756883759
347,1.0,322524.16000000003,299405.56,345642.76,289829.52233692136,355218.7976630787
348,1.0,319124.95999999996,285164.76,353085.16,271097.98457909725,367151.9354209027
349,1.0,372063.36,323324.76,420801.96,303136.57086892263,440990.14913107734
350,1.0,298446.16000000003,248325.56,348566.76,227564.92772572307,369327.392274277
351,1.0,364942.36,318563.56,411321.16,299352.83203341067,430531.8879665893
352,1.0,367643.95999999996,358084.76,377203.16,354125.2097145631,381162.7102854368
353,1.0,394823.16000000003,320482.76,469163.56,289689.9580877592,499956.36191224086
354,1.0,364385.16000000003,355206.36,373563.96,351404.3765536898,377365.94344631024
355,1.0,402223.16000000003,312884.36,491561.96,275879.0173938626,528567.3026061375
356,1.0,321044.36,246925.96,395162.76,216225.11349860596,425863.606501394
357,1.0,310763.16,235605.96,385920.36,204474.82845001278,417051.4915499872
358,1.0,330283.96,254285.96,406281.96,222806.55768676952,437761.3623132305
359,1.0,331824.76,310481.16,353168.36,301640.3514101336,362009.1685898664
360,1.0,330264.76,289925.16,370604.36,273215.9505792943,387313.5694207057
361,1.0,417562.56,392963.16,442161.96,382773.75489375927,452351.36510624073
362,1.0,357345.16000000003,317447.96,397242.36,300921.9986592882,413768.32134071185
363,1.0,395024.95999999996,357726.76,432323.16,342277.3397078958,447772.5802921041
364,1.0,418963.16000000003,359644.36,478281.96,335073.7085363029,502852.61146369716
365,1.0,362445.36,355564.76,369325.96,352714.7221627357,372175.99783726427
366,1.0,407064.16000000003,376402.36,437725.96,363701.8265932286,450426.49340677145
367,1.0,335025.76,305645.96,364405.56,293476.448380191,376575.071619809
368,1.0,307461.76,299521.56,315401.96,296232.62147204514,318690.8985279549
369,1.0,319845.76,270845.56,368845.96,250549.01260100584,389142.5073989942
370,1.0,352880.56,313601.16,392159.96,297331.0997981222,408430.0202018778
371,1.0,326627.16,304607.16,348647.16,295486.1773565444,357768.14264345553
372,1.0,334562.95999999996,255243.56,413882.36,222388.3887607035,446737.5312392964
373,1.0,312986.16,255527.16,370445.16,231726.86291960435,394245.4570803956
374,1.0,371341.95999999996,349961.16,392722.76,341104.9426656133,401578.9773343866
375,1.0,331824.95999999996,296005.16,367644.76,281168.11303850816,382481.80696149176
376,1.0,280923.76,256447.56,305399.96,246309.18600464365,315538.3339953564
377,1.0,298606.36,293045.96,304166.76,290742.76690778066,306469.9530922193
378,1.0,333482.96,313801.96,353163.96,305649.82287893514,361316.0971210649
379,1.0,316527.56,284689.96,348365.16,271502.3942865904,361552.7257134096
380,1.0,406001.16000000003,334281.96,477720.36,304574.8946774516,507427.4253225485
381,1.0,275986.36,262046.36,289926.36,256272.22294051904,295700.4970594809
382,1.0,324961.56,323082.36,326840.76,322303.9698735885,327619.1501264115
383,1.0,358007.56,344047.16,371967.96,338264.5729838466,377750.5470161534
384,1.0,349120.76,323281.96,374959.56,312579.1786045541,385662.3413954459
385,1.0,333487.95999999996,291325.56,375650.36,273861.32209780056,393114.59790219937
386,1.0,377682.36,366642.76,388721.96,362070.00795682595,393294.712043174
387,1.0,352126.36,350846.36,353406.36,350316.1666401624,353936.55335983756
388,1.0,434482.76,412882.76,456082.76,403935.7470527412,465029.77294725884
389,1.0,345766.76,318208.36,373325.16,306793.2969626973,384740.2230373027
390,1.0,432842.36,421841.96,443842.76,417285.445128471,448399.27487152896
391,1.0,305987.36,291566.36,320408.36,285592.9862170176,326381.7337829824
392,1.0,425022.96,393363.96,456681.96,380250.3728288302,469795.54717116983
393,1.0,241565.96,239243.96,243887.96,238282.15610816967,244849.7638918303
394,1.0,398123.56,327683.56,468563.56,298506.3566664392,497740.7633335608
395,1.0,366346.56,364927.56,367765.56,364339.7909549926,368353.3290450074
396,1.0,359403.95999999996,298883.16,419924.76,273814.62383433036,444993.29616566957
397,1.0,293306.56,292608.76,294004.36,292319.72177617607,294293.3982238239
398,1.0,400422.16000000003,322002.76,478841.56,289520.3809668394,511323.9390331607
399,1.0,357625.56,350965.16,364285.96,348206.3319891702,367044.78801082977
400,1.0,311905.16000000003,252483.56,371326.76,227870.3273820909,395939.99261790916
401,1.0,332863.56,294682.36,371044.76,278867.18913232035,386859.93086767965
402,1.0,397502.95999999996,321563.16,473442.76,290107.8649160996,504898.05508390034
403,1.0,343368.76,331209.56,355527.96,326173.05445239303,360564.465547607
404,1.0,365422.56,320563.16,410281.96,301981.78812008037,428863.3318799196
405,1.0,318585.95999999996,247607.56,389564.36,218207.3440844575,418964.57591554243
406,1.0,329262.16000000003,329041.56,329482.76,328950.1844881405,329574.13551185955
407,1.0,324447.95999999996,297369.16,351526.76,286152.7537872114,362743.16621278855
408,1.0,396863.95999999996,316721.56,477006.36,283525.49099887046,510202.42900112947
409,1.0,353826.16000000003,343128.36,364523.96,338697.1861524451,368955.133847555
410,1.0,343763.56,241604.36,445922.76,199288.63383881448,488238.48616118554
411,1.0,360345.56,258208.76,462482.36,215902.31222261168,504788.8077773883
412,1.0,357182.76,340043.96,374321.56,332944.8365972,381420.6834028
413,1.0,337625.36,333208.36,342042.36,331378.778694998,343871.94130500196
414,1.0,390683.36,370963.56,410403.16,362795.35139271506,418571.3686072849
415,1.0,356663.56,311007.56,402319.56,292096.225596294,421230.894403706
416,1.0,304203.36,290365.16,318041.56,284633.1898811686,323773.5301188314
417,1.0,365522.76,352439.56,378605.96,347020.3211207603,384025.19887923973
418,1.0,316043.16000000003,230245.56,401840.76,194707.03046093817,437379.2895390619
419,1.0,357404.36,294007.96,420800.76,267748.3113143703,447060.40868562966
420,1.0,351703.76,329121.96,374285.56,319768.27217720327,383639.24782279675
421,1.0,386885.56,380726.36,393044.76,378175.1358266316,395595.9841733684
422,1.0,399404.16000000003,366805.96,432002.36,353303.34345104947,445504.9765489506
423,1.0,253464.76,240601.96,266327.56,235274.01378990736,271655.50621009263
424,1.0,398144.16000000003,365086.36,431201.96,351393.37089778273,444894.94910221733
425,1.0,417784.95999999996,352927.16,482642.76,326062.17961431824,509507.7403856817
426,1.0,361684.76,350085.96,373283.56,345281.579732747,378087.940267253
427,1.0,386985.16000000003,374007.56,399962.76,368632.0620729469,405338.25792705314
428,1.0,446201.95999999996,445161.56,447242.36,444730.612209707,447673.30779029295
429,1.0,325265.16000000003,279924.76,370605.56,261144.151396579,389386.1686034211
430,1.0,449082.95999999996,430883.56,467282.36,423345.1216929471,474820.7983070528
431,1.0,262525.95999999996,237847.56,287204.36,227625.4320223318,297426.4879776681
432,1.0,280703.16000000003,272245.96,289160.36,268742.8730602983,292663.44693970174
433,1.0,362224.95999999996,315288.36,409161.56,295846.583708319,428603.3362916809
434,1.0,353884.56,331642.76,376126.36,322429.9047884101,385339.2152115899
435,1.0,395164.76,300766.36,489563.16,261665.26245367964,528664.2575463203
436,1.0,383683.16,378405.16,388961.16,376218.94081779476,391147.3791822052
437,1.0,315745.76,291042.36,340449.16,280809.87668327254,350681.6433167275
438,1.0,371543.95999999996,345684.36,397403.56,334972.96296245663,408114.9570375433
439,1.0,376845.36,354047.96,399642.76,344604.9677331556,409085.7522668444
440,1.0,318645.56,234205.96,403085.16,199229.9324786408,438061.1875213592
441,1.0,344344.56,325961.96,362727.16,318347.6377683204,370341.4822316796
442,1.0,283206.76,247523.16,318890.36,232742.52892570346,333670.99107429653
443,1.0,301466.95999999996,230288.76,372645.16,200805.7842146954,402128.13578530453
444,1.0,372302.95999999996,328602.76,416003.16,310501.5444815833,434104.37551841664
445,1.0,357424.16000000003,345763.56,369084.76,340933.5813345923,373914.73866540776
446,1.0,330765.16,314443.16,347087.16,307682.3662349463,353847.95376505365
447,1.0,308707.56,277445.56,339969.56,264496.4156130923,352918.7043869077
448,1.0,459504.96,437923.96,481085.96,428984.81711042626,490025.1028895738
449,1.0,291706.16,244765.16,338647.16,225321.56116864452,358090.75883135543
450,1.0,405824.36,392285.16,419363.56,386677.03973631817,424971.6802636818
451,1.0,290886.36,237003.96,344768.76,214685.13914678793,367087.58085321204
452,1.0,442564.76,437523.16,447606.36,435434.86090393976,449694.65909606026
453,1.0,309145.36,262605.16,355685.56,243327.57796444366,374963.1420355563
454,1.0,370622.16000000003,354800.76,386443.56,348247.3215442703,392996.99845572974
455,1.0,356804.95999999996,308249.16,405360.76,288136.6891081244,425473.2308918755
456,1.0,373164.56,354567.96,391761.16,346864.99606597255,399464.12393402745
457,1.0,411844.56,359647.56,464041.56,338026.85468481155,485662.26531518844
458,1.0,400023.76,354445.56,445601.96,335566.4514114466,464481.0685885534
459,1.0,386863.16,351685.16,422041.16,337113.9553028392,436612.3646971607
460,1.0,317801.56,308761.56,326841.56,305017.0693961472,330586.0506038528
461,1.0,308906.36,303047.96,314764.76,300621.3312661935,317191.3887338065
462,1.0,426701.76,387521.96,465881.56,371293.1554689346,482110.3645310654
463,1.0,352828.56,347728.76,357928.36,345616.3536746097,360040.7663253903
464,1.0,325523.36,324645.56,326401.16,324281.9633349489,326764.7566650511
465,1.0,375905.56,364642.36,387168.76,359976.98980427935,391834.13019572065
466,1.0,356085.16000000003,302165.96,410004.36,279831.8960876927,432338.42391230736
467,1.0,373808.36,303491.16,444125.56,274364.82209189853,473251.89790810144
468,1.0,419085.16000000003,361167.96,477002.36,337177.87026532507,500992.449734675
469,1.0,375503.56,355406.36,395600.76,347081.8271942754,403925.2928057246
470,1.0,310346.56,251603.16,369089.96,227270.84702009233,393422.2729799077
471,1.0,413164.95999999996,383409.56,442920.36,371084.4697661636,455245.4502338363
472,1.0,387784.16000000003,378806.76,396761.56,375088.19916515186,400480.1208348482
473,1.0,364761.96,329639.96,399883.96,315091.95126233215,414431.9687376679
474,1.0,389002.16000000003,381162.76,396841.56,377915.57419913245,400088.7458008676
475,1.0,331785.96,247807.96,415763.96,213023.13345903222,450548.7865409678
476,1.0,384964.76,347765.96,422163.56,332357.71253599576,437571.80746400426
477,1.0,402085.16000000003,356165.56,448004.76,337145.03890125244,467025.2810987476
478,1.0,443981.36,382843.16,505119.56,357518.8883809212,530443.8316190788
479,1.0,375924.16000000003,373524.36,378323.96,372530.33029301703,379317.98970698303
480,1.0,382462.16000000003,377883.96,387040.36,375987.6074687436,388936.7125312565
481,1.0,433402.95999999996,381644.76,485161.16,360205.8115959809,506600.10840401903
482,1.0,378003.56,347445.96,408561.16,334788.5876464279,421218.5323535721
483,1.0,353664.36,325523.56,381805.16,313867.2589839712,393461.46101602877
484,1.0,311623.56,285843.56,337403.56,275165.1343620216,348081.9856379784
485,1.0,366123.56,250525.56,481721.56,202643.30061679496,529603.819383205
486,1.0,384004.16000000003,362285.56,405722.76,353289.42132424377,414718.8986757563
487,1.0,334084.16,286803.16,381365.16,267218.72855743766,400949.5914425623
488,1.0,373121.96,338321.96,407921.96,323907.3280294163,422336.5919705837
489,1.0,340205.16,241965.96,438444.36,201273.95100331702,479136.3689966829
490,1.0,348582.56,256084.36,441080.76,217770.35106490098,479394.768935099
491,1.0,343745.16000000003,332083.96,355406.36,327253.73280645494,360236.5871935451
492,1.0,349070.76,251285.56,427841.56,259270.0593372546,438871.4606627454
493,1.0,350563.36,278283.96,422842.76,248344.85223981013,452781.8677601898
494,1.0,373064.76,371845.56,374283.96,371340.5508247547,374788.9691752453
495,1.0,420082.56,413763.16,426401.96,411145.5788139394,429019.5411860606
496,1.0,277964.76,256525.96,299403.56,247645.7182789957,308283.8017210043
497,1.0,424661.76,412521.56,436801.96,407492.92451007816,441830.59548992186
498,1.0,359903.56,355282.76,364524.36,353368.76197098644,366438.35802901356
499,1.0,327204.76,245805.16,408604.36,212088.34170825503,442321.178291745
500,1.0,423283.36,361883.16,484683.56,336450.36442757945,510116.3555724205
501,1.0,379944.56,354964.76,404924.36,344617.7880546326,415271.3319453674
502,1.0,425623.36,384843.56,466403.16,367952.0137691377,483294.7062308623
503,1.0,325143.95999999996,277002.36,373285.56,257061.45636565934,393226.46363434056
504,1.0,387663.36,351483.96,423842.76,336497.9618414788,438828.75815852114
505,1.0,350104.16000000003,312363.56,387844.76,296730.891627902,403477.4283720981
506,1.0,416203.16000000003,390083.56,442322.76,379264.46743623976,453141.8525637603
507,1.0,354104.36,330363.16,377845.56,320529.23297298787,387679.4870270121
508,1.0,376264.56,283204.76,469324.36,244658.12872827228,507870.9912717277
509,1.0,374962.76,366166.36,383759.16,362522.7718199413,387402.7481800587
510,1.0,399743.76,365365.56,434121.96,351125.6433100253,448361.87668997474
511,1.0,401805.95999999996,388367.56,415244.36,382801.1924634054,420810.72753659455
512,1.0,369924.16000000003,297084.36,442763.96,266913.12695945625,472935.1930405438
513,1.0,321261.95999999996,303405.56,339118.36,296009.19694484107,346514.72305515886
514,1.0,384623.95999999996,290124.76,479123.16,250981.9097265924,518266.01027340756
515,1.0,299442.56,248241.56,350643.56,227033.41139293514,371851.70860706485
516,1.0,441543.16000000003,401081.56,482004.76,384321.8165246848,498764.5034753153
517,1.0,326344.16,274005.16,378683.16,252325.63635895454,400362.6836410454
518,1.0,390643.16,349165.16,432121.16,331984.4098598887,449301.9101401112
519,1.0,409003.95999999996,335646.36,482361.56,305260.64717685943,512747.2728231405
520,1.0,431204.76,369526.76,492882.76,343978.8958999523,518430.62410004775
